County,2023 General Hospital Facilities,2023 General Hospital Bed Capacity,2023 General Hospital Total Inpatient Days,2023 General Hospital Total Admissions,2023 General Hospital Total Occupancy Rate,2023 General Hospital Average Stay in Days,2023 General Hospital Total Emergency Department Visits,2023 General Hospital Emergency Department Inpatient Admissions,"2023 General Hospital Total Admissions from Emergency Department, Percent",2023 Nursing Home Facilities,2023 Nursing Home Bed Capacity,2023 Nursing Home Total Days,"2023 Nursing Home Average Occupancy, Percent",2023 Child Care Learning Centers,2023 Child Care Learning Center Capacity,2023 Family Child Care Learning Homes,"2022 Uninsured Under Age 65, All Income Levels, Percent","2022 Uninsured Under Age 65, At or Below 200% Poverty, Percent","2022 Uninsured Under Age 19, All Income Levels, Percent","2022 Uninsured Under Age 19, At or Below 200% Poverty, Percent"
APPLING,1,64,"8,047",788,34.4%,10.2,"7,433",704,89.3%,1,79,"28,881",100.2%,4,341,0,18.7%,22.7%,7.3%,6.8%
ATKINSON,0,0,0,0,-,-,0,0,-,0,0,0,-,3,174,0,20.7%,24.5%,7.3%,7.0%
BACON,1,47,"3,671",902,21.4%,4.1,"10,238",921,102.1%,1,88,"25,743",80.1%,4,353,0,17.2%,20.6%,7.5%,7.3%
BAKER,0,0,0,0,-,-,0,0,-,0,0,0,-,1,75,0,11.1%,13.8%,4.3%,4.9%
BALDWIN,1,140,"14,056","3,224",27.5%,4.4,"28,762","2,303",71.4%,4,213,"55,701",71.6%,14,"1,121",2,15.3%,19.2%,7.6%,8.1%
BANKS,0,0,0,0,-,-,0,0,-,0,0,0,-,2,201,0,17.6%,25.6%,8.6%,9.6%
BARROW,1,56,"4,900","1,248",24.0%,3.9,"24,422","1,159",92.9%,1,163,"37,055",62.3%,14,"1,605",2,15.6%,25.5%,7.6%,9.6%
BARTOW,1,139,"37,834","7,496",74.6%,5.0,"49,104","6,633",88.5%,3,316,"83,796",72.7%,13,"1,605",5,15.5%,24.6%,7.1%,8.8%
BEN HILL,1,75,0,0,0.0%,-,0,0,-,2,200,"55,728",76.3%,8,475,2,15.0%,18.3%,6.2%,6.4%
BERRIEN,1,63,"3,420",291,14.9%,11.8,"10,500",232,79.7%,1,108,"28,290",71.8%,5,422,2,15.1%,18.6%,6.3%,6.2%
BIBB,3,"1,050","58,560","12,584",15.3%,4.7,"81,808","8,912",70.8%,10,967,"238,012",67.4%,58,"5,505",24,16.0%,20.0%,7.1%,6.9%
BLECKLEY,1,64,"4,860",408,20.8%,11.9,"6,784",57,14.0%,1,75,"25,239",92.2%,4,288,4,12.3%,18.5%,5.7%,7.3%
BRANTLEY,0,0,0,0,-,-,0,0,-,1,63,"20,512",89.2%,7,513,0,17.9%,21.2%,8.4%,8.0%
BROOKS,1,45,"3,239",192,19.7%,16.9,"9,188",20,10.4%,1,0,0,-,4,212,0,15.1%,18.3%,6.6%,6.8%
BRYAN,0,0,0,0,-,-,0,0,-,1,100,"28,838",79.0%,10,"1,375",1,11.4%,23.2%,6.4%,12.4%
BULLOCH,1,150,"37,551","9,305",68.6%,4.0,"51,237","7,467",80.2%,4,314,"67,585",59.0%,28,"1,893",8,14.4%,20.4%,7.1%,9.4%
BURKE,1,38,564,278,4.1%,2.0,"9,695",78,28.1%,2,64,"21,554",92.3%,7,554,8,11.8%,15.7%,5.8%,6.2%
BUTTS,1,28,"4,476",317,43.8%,14.1,"17,645",42,13.2%,1,196,"66,115",92.4%,7,689,1,13.6%,19.0%,6.7%,7.2%
CALHOUN,0,0,0,0,-,-,0,0,-,1,60,"21,292",97.2%,1,96,1,15.4%,18.5%,6.4%,6.8%
CAMDEN,1,40,"4,988","2,066",34.2%,2.4,"28,751",987,47.8%,1,78,"19,623",68.9%,12,"1,003",3,12.4%,20.2%,6.3%,8.9%
CANDLER,1,60,"5,888",686,26.9%,8.6,"6,365",713,103.9%,3,297,"76,760",70.8%,3,142,5,20.2%,23.1%,9.7%,9.7%
CARROLL,2,326,0,0,0.0%,-,0,0,-,4,363,"118,657",89.6%,21,"2,738",5,13.8%,20.5%,6.0%,7.0%
CATOOSA,1,179,0,0,0.0%,-,0,0,-,3,255,"81,617",87.7%,19,"2,413",0,12.2%,20.0%,6.0%,7.7%
CHARLTON,0,0,0,0,-,-,0,0,-,1,92,"27,226",81.1%,2,119,1,16.3%,20.1%,7.3%,7.1%
CHATHAM,3,"1,177","285,163","53,713",66.4%,5.3,"227,858","38,550",71.8%,12,885,"259,856",80.4%,147,"13,025",98,14.1%,22.2%,6.9%,9.0%
CHATTAHOOCHEE,0,0,0,0,-,-,0,0,-,0,0,0,-,0,0,0,8.0%,12.2%,4.8%,7.6%
CHATTOOGA,0,0,0,0,-,-,0,0,-,1,151,"44,424",80.6%,5,404,1,16.7%,19.7%,6.8%,6.2%
CHEROKEE,1,332,"87,513","16,034",72.2%,5.5,"54,963","11,722",73.1%,3,271,"73,513",74.3%,38,"5,128",17,12.5%,29.2%,6.1%,11.8%
CLARKE,2,623,"144,179","32,021",63.4%,4.5,"124,659","23,220",72.5%,4,446,"117,527",72.2%,23,"2,572",13,14.6%,21.4%,6.4%,9.3%
CLAY,0,0,0,0,-,-,0,0,-,1,60,"15,135",69.1%,2,50,0,14.3%,18.5%,6.2%,7.0%
CLAYTON,1,361,"30,712","6,780",23.3%,4.5,"41,110","4,910",72.4%,4,523,"171,743",90.0%,97,"9,706",72,15.5%,19.2%,5.1%,5.5%
CLINCH,1,25,"3,091",198,33.9%,15.6,"4,324",7,3.5%,1,92,"26,370",78.5%,2,137,0,18.5%,21.8%,9.0%,8.2%
COBB,3,"1,103","320,495","61,688",79.6%,5.2,"225,239","42,508",68.9%,13,"1,204","359,299",81.8%,203,"25,285",72,12.5%,26.5%,5.5%,9.8%
COFFEE,1,88,"13,504","3,924",42.0%,3.4,"27,826","2,648",67.5%,1,168,"32,612",53.2%,9,809,1,19.1%,22.5%,7.4%,7.0%
COLQUITT,1,155,"28,512","6,566",50.4%,4.3,"37,280","6,310",96.1%,4,287,"92,242",88.1%,22,"2,274",1,19.8%,23.8%,8.4%,8.6%
COLUMBIA,0,0,0,0,-,-,0,0,-,3,214,"63,305",81.0%,30,"3,602",19,10.3%,23.6%,5.5%,10.2%
COOK,0,0,0,0,-,-,0,0,-,1,95,"32,567",93.9%,7,325,10,17.4%,21.2%,7.2%,7.3%
COWETA,1,169,"53,665","11,488",87.0%,4.7,"66,892","9,457",82.3%,3,260,"53,837",56.7%,26,"4,086",5,11.0%,22.3%,5.8%,9.5%
CRAWFORD,0,0,0,0,-,-,0,0,-,1,100,"23,368",64.0%,2,142,0,16.2%,21.9%,7.8%,9.1%
CRISP,1,73,"11,551","2,680",43.4%,4.3,"20,237","2,959",110.4%,2,120,"14,508",33.1%,4,407,10,14.2%,16.9%,6.3%,6.2%
DADE,0,0,0,0,-,-,0,0,-,1,31,"10,582",93.5%,3,266,1,14.2%,20.5%,7.6%,9.0%
DAWSON,0,0,0,0,-,-,0,0,-,0,0,0,-,6,391,2,14.0%,24.7%,7.3%,9.1%
DECATUR,1,80,"5,372","1,313",18.4%,4.1,"17,380",493,37.5%,2,207,"45,150",59.8%,9,634,5,14.0%,17.3%,6.5%,7.0%
DEKALB,5,"1,752","389,427","56,453",60.9%,6.9,"258,395","34,612",61.3%,16,"1,818","517,448",78.0%,226,"26,766",117,13.7%,23.2%,7.0%,9.8%
DODGE,1,94,"7,914",881,23.1%,9.0,"7,893",966,109.6%,2,100,"34,330",94.1%,5,542,1,13.9%,16.7%,5.6%,6.0%
DOOLY,0,0,0,0,-,-,0,0,-,1,0,0,-,3,122,0,15.2%,19.3%,6.4%,6.7%
DOUGHERTY,1,691,"89,961","16,288",35.7%,5.5,"59,141","11,598",71.2%,2,436,"107,833",67.8%,59,"4,288",11,15.8%,18.0%,6.3%,6.0%
DOUGLAS,1,108,"33,451","7,293",84.9%,4.6,"62,052","6,470",88.7%,1,246,"74,817",83.3%,38,"4,840",11,14.1%,21.8%,6.0%,7.2%
EARLY,1,49,0,0,0.0%,-,0,0,-,1,117,"28,579",66.9%,2,162,7,14.2%,16.7%,6.3%,6.2%
ECHOLS,0,0,0,0,-,-,0,0,-,0,0,0,-,0,0,0,19.1%,23.0%,7.6%,8.5%
EFFINGHAM,1,45,"1,736",357,10.6%,4.9,"21,082",231,64.7%,1,105,"30,392",79.3%,25,"2,835",5,10.6%,20.2%,5.2%,8.3%
ELBERT,1,52,"3,958",487,20.9%,8.1,"8,367",481,98.8%,3,187,"59,396",87.0%,7,310,8,18.5%,22.1%,8.0%,7.3%
EMANUEL,1,72,"1,803",562,6.9%,3.2,"14,151","1,279",227.6%,3,263,"59,499",62.0%,8,662,6,16.5%,19.3%,7.2%,7.0%
EVANS,1,49,"1,829",496,10.2%,3.7,"9,886",496,100.0%,1,87,"17,430",54.9%,1,117,2,17.8%,21.5%,8.2%,8.3%
FANNIN,1,50,0,0,0.0%,-,0,0,-,1,101,"20,723",56.2%,4,462,0,17.8%,25.4%,8.9%,10.6%
FAYETTE,1,282,"88,792","19,209",86.3%,4.6,"89,921","17,043",88.7%,2,317,"87,945",76.0%,24,"3,200",11,9.8%,26.2%,4.7%,10.5%
FLOYD,2,505,"153,670","28,268",83.4%,5.4,"88,712","20,974",74.2%,7,697,"180,584",71.0%,20,"1,920",5,15.7%,22.0%,6.2%,6.4%
FORSYTH,1,389,"104,616","17,998",73.7%,5.8,"54,421","12,353",68.6%,2,225,"51,542",62.8%,51,"9,615",2,8.3%,27.8%,3.8%,11.4%
FRANKLIN,1,56,"7,371","1,783",36.1%,4.1,"23,447","1,325",74.3%,1,100,"26,952",73.8%,6,683,2,17.4%,22.6%,7.9%,8.3%
FULTON,9,"3,671","1,015,196","174,014",75.8%,5.8,"635,016","104,781",60.2%,20,"2,437","710,389",79.9%,442,"59,792",92,10.7%,20.2%,4.4%,6.3%
GILMER,0,0,0,0,-,-,0,0,-,1,0,0,-,3,383,0,17.4%,24.8%,7.4%,7.9%
GLASCOCK,0,0,0,0,-,-,0,0,-,1,104,"19,167",50.5%,1,21,1,11.6%,17.3%,5.6%,7.3%
GLYNN,1,300,"64,904","12,112",59.3%,5.4,"48,002","9,199",75.9%,4,485,"107,459",60.7%,27,"3,285",11,16.3%,24.6%,7.9%,9.4%
GORDON,1,69,"18,957","4,227",75.3%,4.5,"31,101","3,005",71.1%,2,217,"60,237",76.1%,7,915,3,19.9%,27.0%,8.0%,8.0%
GRADY,1,60,"3,973",833,18.1%,4.8,"13,636",187,22.4%,1,70,"20,536",80.4%,9,391,13,17.7%,22.0%,6.8%,7.2%
GREENE,1,49,"4,467","1,045",25.0%,4.3,"18,064",902,86.3%,2,100,"22,483",61.6%,2,153,1,14.1%,24.5%,8.1%,11.2%
GWINNETT,3,745,"268,928","43,035",98.9%,6.2,"179,617","31,971",74.3%,11,711,"230,537",88.8%,223,"30,901",104,15.3%,25.2%,7.2%,9.2%
HABERSHAM,1,53,"3,629","1,159",18.8%,3.1,"27,987",693,59.8%,2,232,"62,678",74.0%,8,879,1,18.4%,27.1%,7.4%,8.1%
HALL,1,691,"240,499","39,120",95.4%,6.1,"154,180","24,662",63.0%,5,552,"164,831",81.8%,43,"5,108",10,19.2%,29.2%,8.8%,10.0%
HANCOCK,0,0,0,0,-,-,0,0,-,2,152,"33,138",59.7%,0,0,5,13.8%,18.1%,6.2%,6.7%
HARALSON,1,57,0,0,0.0%,-,0,0,-,3,239,"71,999",82.5%,5,495,0,14.4%,20.0%,6.9%,7.6%
HARRIS,0,0,0,0,-,-,0,0,-,1,100,"25,644",70.3%,4,434,2,9.0%,20.0%,4.7%,8.7%
HART,0,0,0,0,-,-,0,0,-,2,209,"47,504",62.3%,4,363,6,15.2%,20.5%,7.4%,7.2%
HEARD,0,0,0,0,-,-,0,0,-,1,78,"18,685",65.6%,1,100,0,14.6%,20.1%,6.8%,7.8%
HENRY,1,236,"80,161","17,138",93.1%,4.7,"86,740","15,587",90.9%,2,248,"80,036",88.4%,53,"7,795",21,10.4%,16.8%,5.2%,6.7%
HOUSTON,2,282,"60,159","12,823",58.4%,4.7,"68,921","9,383",73.2%,4,458,"140,713",84.2%,36,"4,262",22,11.0%,19.5%,5.8%,9.1%
IRWIN,1,34,11,2,0.1%,5.5,405,2,100.0%,2,113,"31,743",77.0%,0,0,1,15.5%,18.7%,7.4%,7.2%
JACKSON,0,0,0,0,-,-,0,0,-,2,232,"57,159",67.5%,12,"1,697",3,13.6%,24.2%,7.7%,9.8%
JASPER,1,17,"1,288",64,20.8%,20.1,"3,424",1,1.6%,1,54,"15,814",80.2%,2,160,2,13.9%,20.5%,6.8%,8.4%
JEFF DAVIS,1,50,"3,272",630,17.9%,5.2,"9,378",290,46.0%,1,73,"22,018",82.6%,5,575,0,17.6%,20.4%,6.8%,5.8%
JEFFERSON,1,65,"3,380",412,14.2%,8.2,"7,074",190,46.1%,2,241,"58,712",66.7%,10,380,4,18.6%,22.7%,9.0%,9.2%
JENKINS,1,40,"3,504",317,24.0%,11.1,"4,377",0,0.0%,1,100,"28,493",78.1%,2,129,1,14.7%,17.9%,6.1%,6.9%
JOHNSON,0,0,0,0,-,-,0,0,-,2,149,"40,555",74.6%,3,130,1,16.9%,18.7%,7.4%,6.8%
JONES,0,0,0,0,-,-,0,0,-,2,162,"50,371",85.2%,2,202,3,12.2%,20.1%,5.6%,7.8%
LAMAR,0,0,0,0,-,-,0,0,-,1,117,"27,632",64.7%,9,498,2,12.9%,19.3%,6.0%,7.0%
LANIER,1,40,"3,290",274,22.5%,12.0,"10,410",79,28.8%,1,62,"21,608",95.5%,4,130,1,13.9%,18.2%,5.8%,7.3%
LAURENS,1,190,"38,369","8,738",55.3%,4.4,"51,788","1,172",13.4%,3,253,"53,878",58.3%,21,"1,150",2,14.2%,18.0%,6.3%,6.5%
LEE,0,0,0,0,-,-,0,0,-,1,60,"20,121",91.9%,8,796,2,11.5%,20.8%,6.5%,10.1%
LIBERTY,1,32,"3,283",920,28.1%,3.6,"30,736",443,48.2%,1,169,"26,486",42.9%,18,"2,375",28,11.9%,16.1%,6.0%,7.8%
LINCOLN,0,0,0,0,-,-,0,0,-,0,0,0,-,1,31,4,19.7%,28.1%,10.3%,13.1%
LONG,0,0,0,0,-,-,0,0,-,1,108,"30,355",77.0%,8,539,3,15.6%,20.3%,6.8%,8.2%
LOWNDES,1,285,"69,192","15,029",66.5%,4.6,"82,359","11,401",75.9%,4,367,"104,478",78.0%,54,"5,317",35,14.3%,19.3%,6.3%,7.1%
LUMPKIN,1,52,"3,072",714,16.2%,4.3,"15,462",633,88.7%,2,162,"44,271",74.9%,8,767,0,16.0%,26.2%,8.4%,12.5%
MACON,1,50,"8,599","1,953",47.1%,4.4,0,0,0.0%,3,248,"67,698",74.8%,1,23,4,19.3%,21.6%,9.3%,8.9%
MADISON,0,0,0,0,-,-,0,0,-,1,116,"24,481",57.8%,6,529,2,17.7%,24.8%,9.2%,10.1%
MARION,0,0,0,0,-,-,0,0,-,1,70,"22,638",88.6%,2,243,2,17.9%,23.3%,6.2%,6.4%
MCDUFFIE,1,47,"3,823",849,22.3%,4.5,"15,704",678,79.9%,1,150,"36,917",67.4%,8,711,3,13.0%,16.7%,6.4%,6.8%
MCINTOSH,0,0,0,0,-,-,0,0,-,0,0,0,-,4,462,3,17.0%,22.5%,8.3%,8.6%
MERIWETHER,1,38,"5,024",307,36.2%,16.4,"4,359",45,14.7%,2,192,"48,696",69.5%,5,268,1,17.0%,21.0%,8.7%,8.8%
MILLER,1,38,"7,041",477,50.8%,14.8,"5,138",284,59.5%,1,157,"55,726",97.2%,3,230,0,13.8%,18.2%,7.1%,8.3%
MITCHELL,1,33,"4,471",304,37.1%,14.7,"13,454",11,3.6%,2,156,"51,800",91.0%,7,287,3,14.1%,16.6%,5.4%,5.2%
MONROE,1,40,0,0,0.0%,-,0,0,-,3,276,"60,946",60.5%,8,730,0,12.4%,22.8%,6.4%,9.2%
MONTGOMERY,0,0,0,0,-,-,0,0,-,0,0,0,-,2,94,0,14.1%,19.8%,6.8%,8.1%
MORGAN,1,25,"5,441",593,59.6%,9.2,"10,741",255,43.0%,1,0,0,-,5,412,2,12.9%,22.9%,7.2%,10.0%
MURRAY,1,42,"2,422",761,15.8%,3.2,"19,516",746,98.0%,1,0,0,-,3,202,1,18.2%,23.6%,7.8%,7.8%
MUSCOGEE,3,"1,109","169,131","32,142",41.8%,5.3,"174,159","24,383",75.9%,6,"1,034","216,855",57.5%,53,"6,641",16,11.8%,16.2%,5.3%,6.1%
NEWTON,1,97,"23,197","5,970",65.5%,3.9,"47,250","5,285",88.5%,2,229,"75,832",90.7%,21,"2,473",7,12.9%,18.6%,5.5%,6.4%
OCONEE,0,0,0,0,-,-,0,0,-,1,100,"23,074",63.2%,18,"3,657",3,7.4%,23.8%,4.1%,12.5%
OGLETHORPE,0,0,0,0,-,-,0,0,-,1,0,0,-,1,180,2,16.3%,22.9%,8.0%,9.0%
PAULDING,1,112,"38,463","9,814",94.1%,3.9,"69,714","9,648",98.3%,1,182,"49,991",75.3%,41,"5,108",15,11.4%,21.1%,5.3%,8.4%
PEACH,1,36,"6,080","1,358",46.3%,4.5,"27,122","1,206",88.8%,2,75,"25,516",93.2%,11,"1,006",0,15.5%,21.6%,6.8%,7.6%
PICKENS,1,62,"17,126","3,962",75.7%,4.3,"33,787","3,838",96.9%,3,104,"27,378",72.1%,3,499,0,15.9%,25.5%,7.7%,9.1%
PIERCE,0,0,0,0,-,-,0,0,-,1,78,"26,637",93.6%,7,490,1,15.7%,20.6%,7.1%,8.0%
PIKE,0,0,0,0,-,-,0,0,-,0,0,0,-,3,381,0,12.7%,22.6%,6.6%,10.0%
POLK,1,53,"7,896",658,40.8%,12.0,"26,175",64,9.7%,3,287,"64,059",61.2%,8,626,3,15.3%,20.8%,6.8%,7.5%
PULASKI,1,55,0,0,0.0%,-,0,0,-,1,0,0,-,3,284,6,16.0%,19.0%,7.6%,7.3%
PUTNAM,1,50,0,0,0.0%,-,0,0,-,1,104,"18,919",49.8%,6,423,1,16.4%,24.2%,8.7%,10.9%
QUITMAN,0,0,0,0,-,-,0,0,-,0,0,0,-,1,44,0,17.2%,22.8%,6.5%,7.2%
RABUN,1,49,0,0,0.0%,-,0,0,-,1,113,"23,628",57.3%,2,280,5,19.7%,27.8%,8.9%,9.8%
RANDOLPH,0,0,0,0,-,-,0,0,-,1,80,"26,412",90.5%,2,146,1,15.8%,18.3%,7.1%,7.0%
RICHMOND,3,"1,823","231,204","39,739",34.7%,5.8,"136,480","26,639",67.0%,10,706,"173,937",67.5%,77,"7,579",15,12.4%,15.3%,4.8%,4.5%
ROCKDALE,1,161,"43,337","9,840",73.7%,4.4,"48,461","7,900",80.3%,2,275,"82,937",82.6%,26,"2,889",12,14.9%,21.8%,6.5%,7.7%
SCHLEY,0,0,0,0,-,-,0,0,-,0,0,0,-,1,66,0,12.3%,18.4%,6.8%,8.7%
SCREVEN,1,49,"2,185",236,12.2%,9.3,"7,672",93,39.4%,1,0,0,-,8,398,1,14.7%,18.1%,6.6%,6.6%
SEMINOLE,1,65,"8,311","1,297",35.0%,6.4,"5,064",760,58.6%,1,75,"19,928",72.8%,4,453,0,15.1%,19.4%,6.3%,6.8%
SPALDING,1,160,"36,239","7,415",62.1%,4.9,"42,701","6,045",81.5%,3,217,"65,173",82.3%,14,"1,298",9,15.2%,19.1%,6.8%,6.7%
STEPHENS,1,90,"5,265","1,169",16.0%,4.5,"13,204","1,610",137.7%,1,181,"36,050",54.6%,6,694,1,14.4%,18.8%,6.5%,6.7%
STEWART,0,0,0,0,-,-,0,0,-,1,85,"21,222",68.4%,1,48,0,16.5%,21.8%,5.1%,5.4%
SUMTER,1,143,"16,636","3,391",31.9%,4.9,"21,352","2,569",75.8%,2,322,"45,788",39.0%,10,613,5,14.3%,17.7%,6.1%,6.7%
TALBOT,0,0,0,0,-,-,0,0,-,0,0,0,-,2,68,1,14.2%,19.6%,6.4%,7.9%
TALIAFERRO,0,0,0,0,-,-,0,0,-,0,0,0,-,0,0,1,10.8%,15.7%,5.1%,6.1%
TATTNALL,1,40,"1,270",648,8.7%,2.0,"10,330",43,6.6%,2,92,"29,505",87.9%,5,380,5,15.8%,19.6%,7.1%,8.0%
TAYLOR,0,0,0,0,-,-,0,0,-,1,78,"21,619",75.9%,1,62,0,16.4%,20.2%,7.6%,7.4%
TELFAIR,0,0,0,0,-,-,0,0,-,2,219,"50,443",63.1%,3,146,0,16.4%,17.5%,6.2%,5.0%
TERRELL,0,0,0,0,-,-,0,0,-,1,74,"17,075",63.2%,3,159,0,16.3%,19.5%,7.1%,7.6%
THOMAS,1,264,"49,335","8,730",51.2%,5.7,"32,302","5,230",59.9%,4,212,"71,509",92.4%,14,"1,321",7,13.4%,18.7%,6.9%,7.5%
TIFT,1,241,"51,817","10,878",58.9%,4.8,"43,214","10,706",98.4%,2,278,"76,239",75.1%,18,"1,483",5,16.6%,21.2%,6.5%,6.8%
TOOMBS,1,57,"16,157","4,848",77.7%,3.3,"38,556","4,273",88.1%,3,347,"86,254",68.1%,16,"1,245",5,16.1%,20.4%,6.7%,7.1%
TOWNS,1,42,0,0,0.0%,-,0,0,-,1,112,"29,792",72.9%,3,199,1,14.4%,22.7%,7.1%,8.7%
TREUTLEN,0,0,0,0,-,-,0,0,-,1,50,"16,603",91.0%,3,122,2,19.5%,24.6%,8.8%,10.0%
TROUP,1,276,"34,765","8,539",34.5%,4.1,"59,873","6,765",79.2%,3,399,"120,629",82.8%,22,"2,117",5,13.9%,18.5%,5.8%,6.0%
TURNER,0,0,0,0,-,-,0,0,-,1,76,"21,294",76.8%,4,254,1,15.5%,17.9%,6.0%,5.6%
TWIGGS,0,0,0,0,-,-,0,0,-,1,0,0,-,2,108,0,14.5%,19.1%,6.2%,6.1%
UNION,1,45,0,0,0.0%,-,0,0,-,1,150,"33,824",61.8%,4,385,2,17.5%,26.2%,8.8%,9.7%
UPSON,1,115,"19,462","3,856",46.4%,5.0,"30,381","2,773",71.9%,3,190,"62,579",90.2%,6,564,2,14.1%,17.8%,6.6%,6.8%
WALKER,0,0,0,0,-,-,0,0,-,4,212,"65,089",84.1%,14,"1,730",1,13.5%,18.8%,5.8%,6.0%
WALTON,1,77,"16,091","4,282",57.3%,3.8,"44,526","3,898",91.0%,2,230,"22,957",27.3%,15,"2,070",2,12.7%,21.8%,5.9%,7.7%
WARE,1,231,"30,788","7,003",36.5%,4.4,"46,187","5,556",79.3%,3,390,"118,040",82.9%,14,"2,139",4,15.5%,17.7%,6.2%,5.4%
WARREN,0,0,0,0,-,-,0,0,-,1,96,"16,820",48.0%,0,0,1,14.5%,18.2%,6.3%,6.2%
WASHINGTON,1,56,"2,926",526,14.3%,5.6,"11,324",257,48.9%,3,120,"36,559",83.5%,9,841,4,14.2%,18.7%,5.7%,6.3%
WAYNE,1,128,"10,294","2,376",22.0%,4.3,"26,809","3,126",131.6%,3,162,"50,908",86.1%,9,436,6,18.1%,23.3%,8.0%,8.5%
WEBSTER,0,0,0,0,-,-,0,0,-,0,0,0,-,0,0,0,20.4%,27.3%,8.6%,10.5%
WHEELER,0,0,0,0,-,-,0,0,-,1,50,"14,009",76.8%,2,59,0,18.0%,19.6%,7.6%,6.7%
WHITE,0,0,0,0,-,-,0,0,-,2,149,"27,478",50.5%,5,640,0,16.7%,23.1%,9.5%,10.5%
WHITFIELD,1,255,0,0,0.0%,-,0,0,-,4,322,"83,726",71.2%,13,"1,838",8,21.4%,28.2%,9.3%,9.2%
WILCOX,0,0,0,0,-,-,0,0,-,2,101,"26,164",71.0%,2,69,0,13.8%,16.0%,5.2%,4.8%
WILKES,1,25,"2,505",244,27.5%,10.3,"6,045",135,55.3%,1,47,"16,174",94.3%,3,227,3,17.7%,23.5%,8.7%,10.1%
WILKINSON,0,0,0,0,-,-,0,0,-,1,62,"19,375",85.6%,2,110,2,14.9%,20.0%,7.0%,8.0%
WORTH,1,50,"5,883",557,32.2%,10.6,"10,360",121,21.7%,1,117,"34,262",80.2%,5,452,1,13.8%,18.3%,6.6%,7.4%
GEORGIA,130,"24,291","4,833,057","893,593",54.5%,5.4,"4,447,805","630,363",70.5%,354,"32,765","8,872,626",74.2%,"2,980","339,523","1,166",13.6%,21.7%,6.2%,8.0%
,,,,,,,,,,,,,,,,,,,,
,,,,,,,,,,,,,,,,,,,,
,,,,,,,,,,,,,,,,,,,,
,,,,,,,,,,,,,,,,,,,,
,,,,,,,,,,,,,,,,,,,,
,,,,,,,,,,,,,,,,,,,,
,,,,,,,,,,,,,,,,,,,,
,,,,,,,,,,,,,,,,,,,,
