County,"2022 Average Number of Establishments, All Industries","2022 Average Monthly Employment, All Industries","2022 Average Weekly Wages, All Industries, Dollars","2022 Average Number of Establishments, Goods Producing Industries","2022 Monthly Average Employment, Goods Producing Industries","2022 Monthly Average Employment, Goods Producing Industries","2022 Average Weekly Wages, Goods Producing Industries, Dollars","2022 Average Number of Establishments, Agriculture, Forestry, Fishing and Hunting","2022 Average Monthly Employment, Agriculture, Forestry, Fishing and Hunting","2022 Average Weekly Wages, Agriculture, Forestry, Fishing and Hunting, Dollars","2022 Average Number of Establishments, Construction","2022 Average Monthly Employment, Construction","2022 Average Weekly Wages, Construction, Dollars","2022 Average Number of Establishments, Manufacturing","2022 Average Monthly Employment, Manufacturing","2022 Average Weekly Wages, Manufacturing, Dollars","2022 Average Number of Establishments, Government","2022 Average Monthly Employment, Government","2022 Employment, Government, Percent of Total Industries","2022 Average Weekly Wages, Government, Dollars","2022 Average Number of Establishments, Service Providing Industries","2022 Average Monthly Employment, Service Providing Industries","2022 Employment, Service Providing Industries, Percent of Total Industries","2022 Average Weekly Wages, Service Providing Industries, Dollars","2022 Average Number of Establishments, Wholesale Trade Industries","2022 Average Monthly Employment, Wholesale Trade Industries","2022 Average Weekly Wages, Wholesale Trade Industries, Dollars","2022 Average Number of Establishments, Retail Trade Industries","2022 Average Monthly Employment, Retail Trade Industries","2022 Average Weekly Wages, Retail Trade Industries, Dollars","2022 Average Number of Establishments, Transportation and Warehousing Industries","2022 Average Monthly Employment, Transportation and Warehousing Industries","2022 Average Weekly Wages, Transportation and Warehousing Industries, Dollars","2022 Average Number of Establishments, Finance and Insurance Industries","2022 Average Monthly Employment, Finance and Insurance Industries","2022 Average Weekly Wages, Finance and Insurance Industries, Dollars","2022 Average Number of Establishments, Professional, Scientific, and Technical Services","2022 Average Monthly Employment, Professional, Scientific, and Technical Services","2022 Average Weekly Wages, Professional, Scientific, and Technical Services, Dollars","2022 Average Number of Establishments, Administrative, Support, Waste Management, and Remediation Industries","2022 Average Monthly Employment, Administrative, Support, Waste Management, and Remediation Industries","2022 Average Weekly Wages, Administrative, Support, Waste Management, and Remediation Industries, Dollars","2022 Average Number of Establishments, Health Care and Social Assistance Industries","2022 Average Monthly Employment, Health Care and Social Assistance Industries","2022 Average Weekly Wages, Health Care and Social Assistance Industries, Dollars","2022 Average Number of Establishments, Accommodation and Food Services Industries","2022 Average Monthly Employment, Accommodation and Food Services Industries","2022 Average Weekly Wages, Accommodation and Food Services Industries, Dollars"
APPLING,549,"7,038","$1,149",113,"1,413",20.1%,"$1,024",42,272,$921,40,436,$965,31,705,"$1,101",36,"1,288",18.3%,$798,334,"4,303",61.1%,"$1,297",24,227,$933,87,"1,175",$794,11,*,*,35,143,$928,24,107,"$1,579",12,58,$373,48,406,$617,45,873,$341
ATKINSON,138,"2,163",$855,32,"1,217",56.3%,$906,10,47,$757,5,23,$939,16,"1,147",$910,22,435,20.1%,$794,80,510,23.6%,$789,8,54,"$1,285",24,132,$590,5,114,$934,11,55,"$1,095",4,12,"$2,185",5,*,*,3,26,$544,6,46,$227
BACON,307,"3,653",$870,65,"1,115",30.5%,$913,36,257,$699,11,*,*,17,685,$898,25,658,18.0%,$781,198,"1,870",51.2%,$872,11,85,"$1,005",55,315,$536,23,57,$815,13,126,"$1,086",17,49,$763,11,*,*,19,513,$881,21,161,$328
BAKER,66,445,$774,18,95,21.3%,$785,18,95,$789,0,0,$0,0,0,$0,10,125,28.1%,$649,32,226,50.8%,$832,3,10,$610,7,36,$342,4,7,$724,3,6,$736,2,*,*,0,0,$0,3,25,$799,1,*,*
BALDWIN,"1,058","15,915",$780,113,"1,637",10.3%,"$1,088",4,14,"$1,031",79,531,$909,29,"1,065","$1,171",67,"4,096",25.7%,$926,774,"10,133",63.7%,$671,21,283,"$1,026",198,"2,318",$638,22,102,"$1,280",54,281,"$1,072",49,212,$996,53,"1,328",$673,121,"2,551",$821,121,"2,184",$356
BANKS,386,"4,627",$822,77,893,19.3%,"$1,054",14,218,"$1,116",48,267,$954,14,402,"$1,083",24,885,19.1%,$774,241,"2,825",61.1%,$761,20,186,"$1,323",58,849,$577,16,71,$848,8,21,"$1,081",15,30,"$1,202",21,266,$778,18,127,"$1,362",44,919,$469
BARROW,"1,743","22,141",$967,322,"3,984",18.0%,"$1,355",10,301,"$1,096",221,"1,522","$1,474",89,"2,142","$1,306",53,"3,130",14.1%,$979,"1,118","14,922",67.4%,$860,81,"2,110","$1,224",207,"4,785",$865,56,668,$996,73,250,"$1,134",121,673,"$1,167",103,751,$739,120,"1,994",$978,123,"2,416",$439
BARTOW,"3,091","42,595","$1,010",539,"12,785",30.0%,"$1,223",23,109,"$1,136",343,"2,016","$1,198",169,"10,559","$1,227",82,"4,977",11.7%,"$1,020","2,052","24,628",57.8%,$897,155,"1,641","$1,322",393,"5,355",$702,92,"2,831","$1,231",127,618,"$1,152",208,"1,107","$1,321",174,"2,485",$749,273,"3,140",$973,255,"4,422",$445
BEN HILL,398,"5,632",$800,58,"1,640",29.1%,$951,13,*,*,12,58,$996,33,"1,227",$963,22,"1,031",18.3%,$774,276,"2,937",52.1%,$723,19,209,"$1,084",77,693,$554,11,276,$620,20,120,"$1,004",14,41,"$1,086",23,449,$914,27,414,$789,34,362,$307
BERRIEN,343,"3,885",$797,68,"1,569",40.4%,$961,22,185,$590,28,78,$740,18,"1,306","$1,027",27,907,23.3%,$770,215,"1,402",36.1%,$626,20,101,$822,60,429,$546,9,19,$583,17,89,"$1,123",18,57,$896,13,118,$815,24,196,$637,25,259,$297
BIBB,"5,219","80,219",$993,426,"8,519",10.6%,"$1,216",13,92,"$1,458",266,"2,174","$1,192",144,"6,074","$1,214",156,"9,046",11.3%,$975,"4,082","62,424",77.8%,$965,201,"2,424","$1,316",785,"10,519",$709,145,"2,911",$961,279,"7,197","$1,225",419,"2,584","$1,269",328,"4,852",$839,681,"15,368","$1,184",498,"8,093",$397
BLECKLEY,229,"2,634",$703,32,217,8.2%,"$1,005",12,79,"$1,161",15,96,$927,5,42,$895,23,"1,031",39.1%,$762,152,"1,377",52.3%,$611,8,39,"$1,096",41,417,$622,3,*,*,10,95,"$1,031",13,30,"$1,418",8,94,$759,22,175,$644,20,289,$281
BRANTLEY,282,"2,645",$838,77,587,22.2%,$967,21,140,"$1,051",39,255,$868,16,188,"$1,041",26,840,31.8%,$696,149,"1,206",45.6%,$876,7,254,"$1,454",39,270,$474,25,125,$946,6,34,$572,11,27,$582,11,26,$771,13,170,$581,16,112,$355
BROOKS,348,"3,406",$881,79,685,20.1%,$980,42,398,$979,26,78,$911,11,209,"$1,004",31,644,18.9%,$743,193,"2,063",60.6%,$892,23,*,*,43,300,$723,9,76,"$1,195",12,66,"$1,095",15,65,"$1,062",11,28,$528,22,351,$771,17,151,$300
BRYAN,"1,048","10,245",$898,145,"1,710",16.7%,"$1,303",11,29,$762,107,763,"$1,250",27,918,"$1,365",39,"2,193",21.4%,$989,702,"6,268",61.2%,$750,31,163,"$1,358",105,"1,670",$677,34,356,$692,34,292,"$1,022",88,307,"$1,244",58,266,$819,87,"1,055","$1,014",97,"1,315",$378
BULLOCH,"1,986","26,979",$843,245,"3,741",13.9%,"$1,077",26,136,$730,175,"1,274","$1,210",43,"2,330","$1,025",69,"6,444",23.9%,"$1,012","1,427","16,690",61.9%,$726,55,335,"$1,236",289,"3,478",$623,66,"1,517",$790,108,569,"$1,258",149,819,$945,94,877,$732,238,"3,476",$911,173,"3,683",$329
BURKE,527,"10,915","$1,893",97,"4,378",40.1%,"$2,526",38,217,$883,46,"3,844","$2,734",12,315,"$1,132",33,"1,516",13.9%,$922,333,"5,001",45.8%,"$1,637",29,513,"$1,080",78,859,$613,15,103,"$1,361",19,120,$878,31,375,"$3,005",20,162,"$2,147",38,576,$865,47,451,$334
BUTTS,580,"8,210",$874,70,"1,510",18.4%,$897,3,8,"$1,189",53,245,"$1,304",13,"1,255",$817,38,"1,405",17.1%,$895,401,"5,269",64.2%,$857,19,239,"$1,476",89,"1,412",$678,38,"1,247","$1,111",17,73,$967,30,120,"$1,035",31,353,$936,45,504,$974,56,886,$386
CALHOUN,127,"1,032",$762,33,137,13.3%,$694,23,110,$714,8,9,$818,1,*,*,23,409,39.6%,$722,62,481,46.6%,$812,11,80,"$1,096",17,87,$476,5,7,$816,4,29,$973,4,*,*,2,*,*,8,67,$979,4,*,*
CAMDEN,"1,248","15,233",$983,158,"1,635",10.7%,"$1,432",4,29,$873,118,655,"$1,396",36,951,"$1,476",50,"5,038",33.1%,"$1,179",875,"8,494",55.8%,$779,18,371,"$1,348",177,"2,051",$596,17,87,"$1,084",58,630,"$1,248",106,919,"$1,358",71,666,$816,100,"1,042",$857,148,"1,983",$401
CANDLER,284,"3,597",$688,51,545,15.2%,$814,15,62,$583,27,251,$904,9,232,$778,13,716,19.9%,$869,189,"2,322",64.6%,$599,8,126,$909,55,442,$611,9,36,$941,20,75,$771,28,128,$836,9,146,$619,17,206,$691,20,321,$401
CARROLL,"2,940","42,465","$1,028",445,"10,155",23.9%,"$1,265",16,107,$911,282,"2,703","$1,353",145,"7,320","$1,237",81,"6,375",15.0%,"$1,014","2,046","25,771",60.7%,$937,113,"1,603","$1,110",403,"5,362",$635,72,"1,075","$1,010",141,626,"$1,308",219,990,"$1,096",159,"2,185",$795,265,"6,027","$1,329",268,"4,616",$358
CATOOSA,"1,287","16,064",$838,174,"2,820",17.6%,$968,5,*,*,106,765,$944,61,"1,909","$1,006",40,"2,731",17.0%,$865,911,"10,443",65.0%,$795,46,431,"$1,111",202,"3,509",$668,33,448,"$1,198",60,572,"$1,212",82,271,$902,44,227,$668,141,"1,576",$901,120,"2,142",$388
CHARLTON,206,"2,024",$869,51,593,29.3%,$939,22,110,$893,18,64,$725,9,407,$966,20,453,22.4%,$820,122,974,48.1%,$848,8,49,$874,36,235,$514,4,*,*,9,37,$699,10,43,$685,9,292,"$1,115",8,67,"$2,659",20,195,$364
CHATHAM,"11,136","165,944","$1,089",994,"23,412",14.1%,"$1,642",18,78,$881,704,"6,939","$1,256",268,"16,360","$1,810",108,"17,469",10.5%,"$1,289","8,551","124,460",75.0%,$956,431,"5,921","$1,536","1,433","19,517",$767,613,"16,592","$1,064",460,"2,735","$2,139","1,000","5,370","$1,401",690,"16,585",$792,"1,023","19,912","$1,172","1,238","21,767",$509
CHATTAHOOCHEE,149,"2,219",$976,21,110,5.0%,"$1,482",0,0,$0,19,109,"$1,481",2,*,*,11,246,11.1%,$753,104,"1,860",83.8%,$974,1,*,*,10,53,$449,4,53,$656,1,*,*,34,924,"$1,188",16,373,$917,11,36,"$1,166",14,199,$328
CHATTOOGA,398,"4,890",$770,70,"1,790",36.6%,$878,10,61,$943,36,281,"$1,036",24,"1,448",$845,34,"1,240",25.4%,$766,249,"1,844",37.7%,$662,9,112,$986,80,743,$496,6,19,$943,18,70,"$1,189",17,77,$924,8,15,$531,39,367,"$1,023",30,320,$317
CHEROKEE,"8,343","68,570",$962,"1,250","11,919",17.4%,"$1,237",32,125,"$1,285",948,"5,658","$1,344",265,"6,083","$1,135",94,"9,061",13.2%,"$1,035","5,618","47,002",68.5%,$873,431,"2,112","$1,682",718,"11,884",$706,131,928,"$1,519",399,"1,487","$1,488","1,010","3,141","$1,312",527,"3,876",$930,684,"8,321","$1,065",496,"9,186",$420
CLARKE,"4,243","68,366","$1,057",349,"7,206",10.5%,"$1,321",12,92,$733,200,"2,039","$1,440",136,"5,050","$1,281",100,"18,890",27.6%,"$1,231","3,216","42,045",61.5%,$931,117,"2,286","$1,196",549,"8,240",$723,60,"1,454","$1,009",171,892,"$1,719",391,"2,043","$1,411",215,"2,838",$629,543,"11,000","$1,290",439,"8,144",$398
CLAY,78,656,$694,16,294,44.8%,$723,11,*,*,4,*,*,1,*,*,13,200,30.5%,$758,39,156,23.8%,$565,1,*,*,13,43,$440,1,*,*,3,7,$722,2,*,*,1,*,*,10,*,*,0,0,$0
CLAYTON,"5,924","121,315","$1,240",429,"9,105",7.5%,"$1,265",4,227,$753,281,"3,386","$1,424",143,"5,459","$1,186",153,"13,844",11.4%,"$1,134","4,317","98,040",80.8%,"$1,255",261,"5,159","$1,442",839,"12,175",$741,511,"46,046","$1,678",197,"1,276","$1,091",313,"1,182","$1,427",341,"8,615",$637,538,"8,149","$1,075",553,"9,731",$494
CLINCH,198,"2,437",$830,51,"1,217",49.9%,"$1,011",32,179,$878,9,25,$867,10,"1,013","$1,040",24,518,21.3%,$726,110,699,28.7%,$588,6,67,$798,30,164,$552,6,14,$753,6,12,$641,9,23,$775,11,135,$661,13,83,$695,11,125,$207
COBB,"31,230","379,269","$1,383","2,977","49,059",12.9%,"$1,631",28,106,$890,"2,162","29,640","$1,580",779,"19,233","$1,713",267,"33,189",8.8%,"$1,196","22,693","295,214",77.8%,"$1,362","1,858","21,441","$1,906","2,494","39,551",$879,600,"16,911",$962,"1,539","16,174","$1,880","4,592","38,377","$2,110","1,981","31,812",$901,"2,666","43,039","$1,422","2,047","33,608",$501
COFFEE,"1,082","17,548",$842,184,"4,554",26.0%,$946,50,536,$909,74,831,$972,60,"3,187",$946,58,"2,676",15.2%,$786,742,"10,273",58.5%,$811,46,566,"$1,253",213,"2,525",$769,36,"1,572",$778,57,309,"$1,157",60,322,"$1,246",30,753,$689,100,"2,047","$1,049",87,"1,491",$352
COLQUITT,"1,238","15,132",$841,236,"4,556",30.1%,$868,82,926,$697,101,525,$987,53,"3,105",$899,64,"3,704",24.5%,$955,793,"6,804",45.0%,$758,63,445,"$1,263",206,"2,191",$626,45,262,$890,57,429,"$1,641",70,238,$899,50,367,$625,105,"1,082",$823,78,951,$329
COLUMBIA,"3,714","38,176",$895,493,"6,180",16.2%,"$1,264",13,65,$834,394,"2,829","$1,091",83,"3,242","$1,422",124,"6,268",16.4%,"$1,024","2,537","25,527",66.9%,$771,98,514,"$1,207",372,"6,624",$795,71,338,$857,151,671,"$1,241",317,"1,358","$1,344",261,"2,964",$638,409,"4,367",$945,297,"5,102",$383
COOK,434,"4,495",$795,88,"1,475",32.8%,"$1,087",23,294,"$1,183",33,328,"$1,075",30,657,$994,36,"1,240",27.6%,$785,263,"1,763",39.2%,$558,11,72,"$1,076",75,630,$540,13,44,$921,16,86,$839,25,72,$739,17,43,$590,36,188,$665,29,436,$297
COWETA,"3,941","45,916",$952,468,"7,865",17.1%,"$1,105",14,56,$623,326,"1,672","$1,101",127,"6,104","$1,109",90,"5,434",11.8%,"$1,059","2,700","32,375",70.5%,$895,173,"1,691","$1,319",429,"8,617",$730,111,"1,928",$960,175,739,"$1,502",348,"1,248","$1,506",228,"3,207",$630,361,"6,651","$1,248",278,"4,877",$429
CRAWFORD,172,"1,248",$702,48,407,32.6%,$637,15,260,$542,27,133,$828,5,13,$684,21,456,36.5%,$703,83,378,30.3%,$767,3,9,$601,22,91,$455,2,*,*,4,8,$663,5,35,"$2,131",15,30,$852,12,124,$650,5,34,$196
CRISP,690,"8,595",$862,78,"1,736",20.2%,"$1,183",31,154,$778,25,173,"$1,107",21,"1,406","$1,238",46,"1,339",15.6%,$871,480,"5,495",63.9%,$758,31,259,"$1,297",125,"1,447",$666,28,303,"$1,056",35,116,"$1,213",25,81,"$1,162",27,362,$589,70,"1,428","$1,021",66,"1,155",$349
DADE,332,"3,868",$797,39,"1,087",28.1%,"$1,016",2,*,*,20,125,$869,17,959,"$1,036",21,605,15.6%,$709,224,"2,157",55.8%,$711,8,64,"$1,288",71,536,$445,4,13,$890,14,93,$821,18,79,"$1,010",15,76,$599,25,309,$854,24,374,$351
DAWSON,"1,018","9,998",$761,139,"1,371",13.7%,"$1,124",6,36,$570,102,493,"$1,082",31,842,"$1,173",24,"1,237",12.4%,$866,726,"7,325",73.3%,$671,35,415,$875,198,"3,048",$566,20,61,$963,48,212,"$1,608",84,338,"$1,202",46,249,$782,66,579,$935,91,"1,707",$439
DECATUR,811,"8,717",$819,163,"2,022",23.2%,$970,50,726,$831,65,269,$975,47,988,"$1,040",47,"1,985",22.8%,$803,529,"4,676",53.6%,$762,35,429,"$1,261",134,"1,320",$546,22,215,"$1,235",46,410,"$1,112",36,214,"$1,166",26,294,$760,61,481,$869,56,757,$320
DEKALB,"26,087","303,605","$1,358","1,703","23,409",7.7%,"$1,334",10,*,*,"1,060","9,893","$1,489",627,"13,311","$1,213",383,"41,797",13.8%,"$1,297","18,708","236,744",78.0%,"$1,371","1,162","11,182","$1,996","2,444","32,440",$848,582,"13,425","$1,157","1,017","15,355","$1,679","3,557","19,272","$1,833","1,310","22,246","$1,203","2,565","46,812","$1,222","1,786","22,157",$527
DODGE,373,"4,759",$725,43,621,13.0%,$958,6,28,$761,24,191,$823,13,402,"$1,036",45,"1,590",33.4%,$805,257,"2,537",53.3%,$616,15,162,$628,66,704,$507,13,36,$610,14,132,"$1,009",24,64,$870,12,165,$718,49,746,$656,23,281,$322
DOOLY,256,"3,247",$857,46,"1,586",48.8%,$926,32,154,$829,6,7,$942,8,*,*,33,624,19.2%,$856,147,"1,027",31.6%,$753,9,83,$962,40,231,$539,9,183,$957,13,51,$944,7,18,$650,11,91,$948,13,83,$743,22,118,$335
DOUGHERTY,"2,798","46,160",$992,257,"5,433",11.8%,"$1,306",41,318,"$1,092",136,"1,613","$1,225",80,"3,502","$1,362",99,"7,855",17.0%,"$1,104","2,149","32,754",71.0%,$913,107,"2,234","$1,271",431,"5,472",$607,100,"2,045",$999,138,"1,185","$1,681",231,"1,320","$1,281",141,"4,412",$712,330,"7,722","$1,173",257,"4,258",$380
DOUGLAS,"3,813","47,356","$1,014",480,"6,524",13.8%,"$1,128",4,*,*,348,"2,226","$1,103",126,"4,232","$1,136",74,"5,540",11.7%,"$1,105","2,609","35,104",74.1%,$976,186,"3,831","$1,667",472,"8,082",$718,157,"5,900","$1,202",137,579,"$1,337",289,"1,386","$1,439",209,"3,138",$763,370,"4,506","$1,137",308,"5,032",$414
EARLY,301,"4,051","$1,022",49,959,23.7%,"$1,583",27,142,$889,16,170,$852,6,647,"$1,927",35,"1,227",30.3%,$851,195,"1,856",45.8%,$846,13,293,"$1,369",62,383,$467,8,*,*,16,122,"$1,145",17,85,"$1,151",11,184,$515,13,229,$867,24,171,$365
ECHOLS,58,608,$811,27,336,55.3%,$847,17,271,$786,8,53,"$1,066",2,*,*,9,197,32.4%,$641,18,73,12.0%,"$1,095",4,30,"$1,468",5,11,$418,2,*,*,1,*,*,0,0,$0,0,0,$0,2,*,*,0,0,$0
EFFINGHAM,"1,127","11,618",$942,201,"2,650",22.8%,"$1,248",22,115,"$1,021",140,741,$996,37,"1,779","$1,371",47,"3,166",27.3%,$943,694,"5,725",49.3%,$796,29,190,"$1,401",133,"1,361",$584,53,503,$963,50,169,"$1,111",82,580,"$1,077",62,485,$730,81,689,$882,75,"1,041",$384
ELBERT,578,"5,825",$831,153,"2,065",35.5%,$906,9,44,$723,48,144,$786,83,"1,723",$899,36,"1,382",23.7%,$856,349,"2,361",40.5%,$750,52,591,"$1,051",77,615,$502,25,87,"$1,097",26,161,"$1,261",33,86,$783,20,45,$507,39,317,$805,28,306,$315
EMANUEL,494,"6,973",$820,79,"1,933",27.7%,$983,19,144,$915,28,166,$806,32,"1,623","$1,007",51,"1,757",25.2%,$825,329,"3,271",46.9%,$721,22,444,$886,88,919,$599,25,255,$882,22,192,$989,22,125,"$1,224",15,113,$890,48,587,$861,43,462,$303
EVANS,301,"4,642",$711,62,"2,091",45.0%,$718,16,138,$799,30,173,"$1,015",16,*,*,29,681,14.7%,$787,186,"1,860",40.1%,$675,8,50,$916,59,443,$654,10,152,$692,10,59,"$1,037",20,62,"$1,057",12,217,$573,20,377,$913,22,306,$343
FANNIN,858,"6,933",$802,107,674,9.7%,$994,2,*,*,75,299,"$1,259",30,284,$817,30,947,13.7%,$847,627,"5,268",76.0%,$764,29,276,$969,144,"1,453",$620,21,73,$657,40,181,"$1,161",62,243,$975,46,296,$969,71,877,"$1,022",100,"1,329",$544
FAYETTE,"5,152","47,441","$1,063",577,"8,518",18.0%,"$1,528",15,68,$890,404,"4,066","$1,507",153,"4,327","$1,557",64,"4,911",10.4%,"$1,241","3,723","33,728",71.1%,$916,277,"2,412","$1,909",452,"6,837",$570,121,"1,746","$1,119",241,964,"$1,638",570,"2,730","$1,445",290,"2,015","$1,020",579,"5,754","$1,031",333,"6,571",$445
FLOYD,"2,548","39,714",$977,283,"7,616",19.2%,"$1,212",24,170,$759,143,829,$994,114,"6,589","$1,251",101,"5,476",13.8%,$942,"1,878","26,500",66.7%,$916,86,"1,150","$1,209",391,"4,405",$614,61,"1,457",$884,115,926,"$1,430",197,984,"$1,235",139,"2,152",$803,339,"8,130","$1,202",231,"4,250",$416
FORSYTH,"8,440","82,335","$1,166","1,113","14,643",17.8%,"$1,402",22,102,$756,790,"6,332","$1,428",295,"8,161","$1,388",77,"8,723",10.6%,"$1,074","5,744","58,359",70.9%,"$1,118",532,"5,254","$1,783",611,"10,393",$750,123,"1,704","$1,262",369,"1,561","$1,774","1,411","6,663","$1,868",557,"6,251",$951,625,"11,500","$1,118",380,"7,119",$424
FRANKLIN,626,"7,964",$861,93,"1,823",22.9%,"$1,041",11,161,$959,44,206,$974,38,"1,456","$1,059",37,"1,043",13.1%,$832,433,"5,065",63.6%,$803,30,361,"$1,162",114,931,$694,17,776,"$1,055",30,127,"$1,174",27,89,$871,51,133,$628,49,799,$902,57,"1,115",$359
FULTON,"66,821","933,136","$1,825","3,656","48,775",5.2%,"$1,808",55,155,"$1,303","2,245","21,051","$1,956","1,344","27,234","$1,687",576,"101,231",10.8%,"$1,510","50,119","778,992",83.5%,"$1,866","2,957","37,195","$2,231","4,243","58,725",$939,"1,312","57,430","$1,003","3,548","64,937","$3,100","11,772","114,760","$2,503","3,986","80,781","$1,374","5,353","95,463","$1,503","4,515","75,060",$641
GILMER,864,"7,319",$777,148,"1,737",23.7%,$883,10,47,$485,87,332,"$1,108",47,"1,274",$810,40,"1,299",17.7%,$828,554,"4,225",57.7%,$714,32,169,"$1,213",111,"1,375",$593,17,45,$805,27,129,"$1,056",62,196,$943,41,150,$688,70,480,$855,83,"1,032",$474
GLASCOCK,47,397,$636,5,26,6.5%,$993,2,*,*,3,*,*,0,0,$0,11,190,47.9%,$594,28,180,45.3%,$623,2,*,*,7,30,$424,5,2,$614,2,*,*,3,8,$955,1,*,*,3,*,*,1,*,*
GLYNN,"3,422","39,458",$978,359,"3,356",8.5%,"$1,238",9,48,"$1,252",269,"1,388",$984,79,"1,900","$1,417",70,"6,964",17.6%,"$1,281","2,540","28,916",73.3%,$873,107,945,"$1,544",450,"5,006",$652,71,"1,494",$961,167,707,"$1,443",300,"1,236","$1,319",228,"2,448",$818,306,"5,583","$1,216",354,"7,421",$548
GORDON,"1,316","24,320","$1,015",266,"10,032",41.3%,"$1,229",27,140,$787,110,952,"$1,092",129,"8,940","$1,250",48,"2,739",11.3%,$963,866,"11,478",47.2%,$843,85,"1,736","$1,096",214,"2,379",$569,43,617,$848,60,352,"$1,332",68,522,"$1,034",61,"1,335",$658,98,"2,350","$1,268",103,"1,658",$388
GRADY,605,"6,274",$851,133,"2,044",32.6%,$943,37,548,$706,67,271,$930,29,"1,225","$1,052",36,"1,164",18.6%,$877,365,"3,043",48.5%,$779,29,324,"$1,005",88,861,$572,15,400,"$1,068",25,131,"$1,107",30,132,$952,21,97,$588,46,448,$937,32,342,$308
GREENE,624,"6,650",$989,89,"1,854",27.9%,"$1,023",16,246,"$1,029",49,"1,029",$889,22,567,"$1,255",33,929,14.0%,$873,405,"3,830",57.6%,$972,23,189,"$1,364",71,742,$693,15,200,"$1,015",33,192,"$1,667",60,208,"$1,733",32,292,"$1,625",52,706,$916,49,986,$712
GWINNETT,"37,073","373,718","$1,214","4,388","52,002",13.9%,"$1,433",28,280,$842,"3,158","23,904","$1,418","1,186","27,592","$1,451",272,"37,959",10.2%,"$1,150","25,966","281,097",75.2%,"$1,183","2,639","32,073","$1,655","3,152","50,385",$849,"1,005","12,072","$1,218","1,633","12,068","$1,687","4,491","30,320","$1,887","2,334","31,478",$946,"2,939","38,060",$996,"2,615","32,953",$473
HABERSHAM,"1,135","13,770",$865,173,"3,584",26.0%,"$1,100",13,190,"$1,038",97,460,$928,62,"2,913","$1,129",60,"2,786",20.2%,$885,804,"7,353",53.4%,$741,45,405,$944,177,"1,967",$580,19,63,$970,55,273,"$1,360",82,340,$966,71,432,$654,108,842,$981,105,"1,539",$405
HALL,"6,157","95,980","$1,140",936,"26,995",28.1%,"$1,144",35,300,"$1,129",590,"4,579","$1,226",309,"22,081","$1,127",124,"10,540",11.0%,$977,"4,299","58,096",60.5%,"$1,167",333,"4,922","$1,487",684,"9,249",$753,194,"3,743","$1,309",334,"2,389","$1,730",490,"2,442","$1,506",389,"7,741",$697,620,"14,119","$1,426",410,"6,970",$469
HANCOCK,106,"1,417",$811,8,443,31.3%,$956,1,*,*,4,*,*,2,*,*,17,603,42.6%,$743,63,368,26.0%,$720,1,*,*,21,106,$468,3,2,$646,5,38,"$1,382",2,*,*,2,*,*,14,147,$775,5,21,$193
HARALSON,644,"7,350",$917,113,"2,378",32.4%,"$1,112",5,15,$486,67,476,"$1,202",41,"1,887","$1,095",42,"1,537",20.9%,$871,406,"3,395",46.2%,$793,21,262,"$1,162",101,841,$597,26,139,"$1,337",30,239,"$1,672",41,169,"$1,040",21,106,$763,47,673,$957,55,783,$320
HARRIS,624,"5,169",$829,118,"1,581",30.6%,$939,10,17,$741,84,393,$969,24,"1,171",$932,35,"1,354",26.2%,$743,376,"2,188",42.3%,$798,24,146,"$1,274",59,255,$443,16,104,"$1,154",18,103,"$1,291",41,150,$943,52,144,$779,40,199,"$1,194",36,675,$418
HART,592,"7,212",$846,111,"2,657",36.8%,"$1,004",15,200,$922,61,296,$866,34,"2,161","$1,031",29,"1,129",15.7%,$831,379,"3,391",47.0%,$725,18,74,"$1,014",85,972,$507,9,55,$868,26,142,"$1,219",49,287,"$1,002",33,311,$938,35,385,"$1,006",52,690,$348
HEARD,190,"2,185","$1,086",53,865,39.6%,"$1,097",13,64,$877,25,253,"$1,382",15,548,$992,22,639,29.2%,$839,93,671,30.7%,"$1,311",5,23,"$1,098",21,67,$524,6,48,"$1,093",5,15,$703,7,16,"$1,695",8,89,$704,5,77,$710,12,54,$305
HENRY,"6,025","72,639",$923,555,"6,198",8.5%,"$1,201",9,*,*,425,"2,167","$1,204",119,"3,874","$1,212",106,"9,593",13.2%,"$1,175","4,327","56,501",77.8%,$849,190,"2,580","$1,268",706,"11,396",$653,306,"8,468",$915,245,"1,138","$1,397",415,"1,841","$1,200",418,"6,926",$656,640,"7,572","$1,258",574,"9,537",$396
HOUSTON,"3,614","63,854","$1,034",308,"7,631",12.0%,"$1,063",22,92,$880,211,"1,660","$1,111",75,"5,879","$1,052",160,"24,892",39.0%,"$1,303","2,690","31,154",48.8%,$812,63,366,"$1,083",539,"7,429",$640,69,803,$935,170,"1,088","$1,337",382,"4,414","$1,572",211,"1,936",$845,419,"4,574",$876,412,"7,570",$379
IRWIN,176,"2,128",$833,35,655,30.8%,$987,18,125,$648,13,*,*,4,*,*,22,652,30.6%,$751,103,810,38.1%,$777,8,53,"$1,056",32,195,$535,3,*,*,9,41,"$1,052",12,43,$788,3,*,*,12,182,$810,8,64,$289
JACKSON,"2,102","42,827",$898,389,"9,805",22.9%,"$1,235",26,244,$900,256,"1,718","$1,379",105,"7,837","$1,214",60,"3,383",7.9%,$909,"1,380","29,523",68.9%,$784,110,"2,885","$1,159",261,"4,983",$746,72,"12,374",$711,76,276,"$1,163",155,915,$946,138,"1,634",$729,145,"1,250",$775,140,"1,842",$394
JASPER,268,"2,435",$753,59,570,23.4%,"$1,035",8,66,"$1,030",35,117,$969,16,387,"$1,058",20,700,28.7%,$715,147,"1,143",46.9%,$631,7,100,$834,31,285,$412,11,16,$940,14,43,$960,14,63,$965,10,101,$616,18,189,$972,16,182,$344
JEFF DAVIS,275,"4,330",$822,49,"1,625",37.5%,$986,17,395,"$1,145",6,18,$676,26,"1,212",$939,25,954,22.0%,$751,186,"1,746",40.3%,$707,17,166,"$1,226",60,553,$541,13,129,"$1,003",14,71,$830,11,26,$872,9,121,$609,19,107,$731,19,292,$323
JEFFERSON,424,"4,729",$899,119,"1,698",35.9%,"$1,108",36,257,$886,38,222,$953,39,950,"$1,115",37,"1,037",21.9%,$767,237,"1,985",42.0%,$785,11,92,$962,62,599,$471,13,115,"$1,117",18,89,"$1,303",14,54,"$1,359",19,262,$834,23,171,$697,32,218,$408
JENKINS,124,"1,460",$792,25,289,19.8%,$884,9,19,"$1,029",11,*,*,5,*,*,16,403,27.6%,$683,79,765,52.4%,$815,3,18,"$1,052",22,126,$535,5,20,"$1,411",7,20,$716,6,6,$956,6,*,*,9,211,$851,11,144,$291
JOHNSON,152,"1,370",$770,25,166,12.1%,$874,7,62,"$1,101",11,21,$706,7,83,$741,19,495,36.1%,$746,94,706,51.5%,$764,7,25,"$1,239",19,149,$430,6,46,$999,8,26,$721,5,*,*,6,39,"$1,322",25,278,$906,6,64,$256
JONES,462,"3,992",$836,84,630,15.8%,"$1,055",8,48,$855,66,559,"$1,083",10,23,$823,30,"1,093",27.4%,$849,280,"2,244",56.2%,$767,9,50,"$1,450",62,512,$475,11,63,$897,20,88,$948,18,216,"$1,423",31,165,$505,43,602,$951,31,356,$299
LAMAR,366,"4,040",$942,62,"1,060",26.2%,"$1,179",10,61,$760,34,130,"$1,188",16,861,"$1,208",34,"1,017",25.2%,$889,219,"1,945",48.1%,$839,10,*,*,44,454,$703,14,34,$886,16,108,$938,22,52,$765,13,93,$642,31,263,$646,36,277,$326
LANIER,136,"1,417",$730,33,318,22.4%,$745,9,62,$896,15,*,*,9,98,$722,21,597,42.1%,$750,69,497,35.1%,$695,4,*,*,20,101,$584,1,*,*,4,*,*,6,12,$928,4,*,*,9,38,$761,12,143,$288
LAURENS,"1,297","18,763",$900,170,"3,001",16.0%,"$1,123",14,75,$843,98,774,"$1,047",56,"2,076","$1,160",76,"4,770",25.4%,"$1,129",955,"10,953",58.4%,$739,41,210,"$1,063",226,"2,993",$623,30,337,$979,57,332,"$1,396",67,425,"$1,248",67,"1,104",$752,176,"2,596",$869,121,"1,848",$344
LEE,633,"7,341",$873,111,"1,425",19.4%,$948,21,165,$810,75,793,"$1,019",14,466,$871,28,"1,530",20.8%,$763,415,"4,347",59.2%,$889,33,479,"$1,461",87,990,$750,19,84,"$1,047",37,140,"$1,472",39,216,$972,48,"1,085",$880,46,601,$919,32,460,$352
LIBERTY,"1,147","19,794",$908,95,"2,449",12.4%,"$1,526",5,20,"$1,023",57,289,"$1,756",31,"2,132","$1,500",83,"6,793",34.3%,"$1,001",834,"10,494",53.0%,$702,16,106,"$1,043",194,"2,448",$610,41,"2,052",$865,50,287,"$1,403",76,349,$989,49,462,$741,109,"1,131",$811,129,"2,271",$351
LINCOLN,198,"1,361",$726,40,363,26.7%,$943,11,105,"$1,042",23,196,$999,6,62,$602,16,405,29.8%,$686,122,584,42.9%,$615,6,43,"$1,000",25,172,$565,15,29,$923,5,52,"$1,133",11,27,$751,8,*,*,9,15,$746,15,123,$262
LONG,134,"1,171",$747,26,105,9.0%,$692,2,*,*,21,71,$548,2,*,*,10,767,65.5%,$825,66,284,24.3%,$564,1,*,*,13,72,$471,4,*,*,3,9,"$1,301",7,6,"$1,239",4,*,*,8,43,$758,8,42,$321
LOWNDES,"3,550","48,861",$852,414,"7,244",14.8%,"$1,141",29,178,$742,259,"2,568","$1,180",125,"4,438","$1,137",109,"10,328",21.1%,"$1,018","2,630","31,118",63.7%,$729,138,"1,379","$1,250",504,"6,573",$617,95,"3,177",$929,151,"1,006","$1,274",281,"1,235","$1,235",204,"1,876",$647,415,"4,699",$881,318,"6,307",$347
LUMPKIN,749,"8,852",$910,111,"1,212",13.7%,"$1,078",3,15,$598,69,482,"$1,188",38,690,"$1,006",20,"2,326",26.3%,"$1,079",508,"5,274",59.6%,$793,15,125,"$1,417",98,993,$591,18,108,$880,29,88,"$1,394",61,237,$724,32,147,$539,73,"1,068",$881,72,"1,297",$413
MACON,137,"1,246",$695,27,502,40.3%,$784,11,*,*,10,28,$748,5,188,$830,16,352,28.3%,$715,75,380,30.5%,$551,2,*,*,26,116,$464,4,5,"$1,067",4,5,$900,4,13,$928,3,*,*,10,132,$529,12,59,$485
MADISON,510,"7,026",$808,82,"2,501",35.6%,$985,8,231,$971,40,393,$951,31,"1,788",$955,38,"1,171",16.7%,$830,347,"3,344",47.6%,$668,15,69,$921,87,949,$639,10,140,"$1,066",29,112,"$1,099",34,143,$882,12,207,$623,58,816,$734,50,667,$332
MARION,241,"1,703",$780,30,129,7.6%,"$1,189",2,*,*,23,106,"$1,232",3,*,*,26,589,34.6%,$875,161,977,57.4%,$666,8,81,$766,38,262,$514,7,17,"$2,077",10,22,"$1,055",17,38,$812,9,19,$747,10,35,$787,34,345,$395
MCDUFFIE,240,"2,682",$974,50,941,35.1%,"$1,389",23,275,$939,7,21,"$1,041",19,636,"$1,596",30,665,24.8%,$818,140,"1,070",39.9%,$700,11,89,$963,38,249,$609,7,72,"$1,084",11,39,"$1,141",8,14,$761,5,30,$852,14,362,$686,15,130,$269
MCINTOSH,515,"3,783",$816,149,935,24.7%,"$1,055",15,34,$721,103,464,"$1,163",29,409,$927,30,"1,204",31.8%,$766,256,"1,621",42.8%,$717,14,*,*,69,468,$510,11,17,$683,17,79,"$1,277",33,102,$637,18,200,"$1,120",23,206,$770,19,130,$335
MERIWETHER,440,"4,409",$868,86,"1,470",33.3%,"$1,123",22,168,$934,50,531,"$1,329",14,771,"$1,023",45,"1,108",25.1%,$792,261,"1,813",41.1%,$703,11,91,$980,79,477,$512,18,45,"$1,021",20,65,$868,17,46,$968,19,121,$778,26,481,$824,28,227,$348
MILLER,191,"1,827",$920,38,148,8.1%,$749,19,73,$773,13,39,$845,6,36,$609,25,971,53.1%,"$1,007",113,702,38.4%,$815,7,*,*,31,167,$782,3,3,$284,8,97,"$1,153",14,40,$614,6,28,$662,15,110,$816,11,76,$311
MITCHELL,528,"6,710",$783,125,"2,735",40.8%,$826,63,484,$800,40,110,"$1,072",21,*,*,42,"1,275",19.0%,$786,305,"2,682",40.0%,$737,29,157,$971,89,757,$509,20,237,"$1,065",18,122,"$1,011",26,128,$952,13,125,$484,34,519,$919,31,319,$392
MONROE,706,"7,877",$948,119,"1,038",13.2%,"$1,028",19,120,"$1,049",75,538,$961,22,295,$996,37,"2,553",32.4%,$963,460,"4,247",53.9%,$918,23,216,"$1,502",81,832,$554,21,89,"$1,108",28,145,"$1,005",56,187,"$1,426",47,"1,009",$767,62,382,$841,49,691,$364
MONTGOMERY,156,"1,436",$725,25,201,14.0%,$861,11,58,"$1,065",9,44,$832,5,99,$758,30,388,27.0%,$733,91,846,58.9%,$682,9,127,"$1,058",19,110,$521,10,77,$886,9,60,"$1,063",6,9,$834,7,65,$955,10,46,$818,11,157,$294
MORGAN,690,"8,586",$987,124,"2,171",25.3%,"$1,328",24,138,"$1,003",72,332,"$1,186",28,"1,701","$1,382",31,"1,203",14.0%,$786,460,"5,178",60.3%,$888,28,"1,164","$1,550",88,"1,132",$541,15,111,"$1,276",35,235,"$1,441",51,185,$988,33,326,$834,50,372,$812,65,"1,134",$430
MURRAY,567,"8,089",$810,119,"3,169",39.2%,$850,10,68,$888,39,160,$796,69,"2,937",$852,34,"1,356",16.8%,$906,341,"3,534",43.7%,$738,26,460,$902,93,"1,294",$709,14,118,"$1,024",19,199,"$1,336",26,62,$789,22,108,$765,41,461,$843,48,625,$335
MUSCOGEE,"5,840","91,101",$986,476,"9,210",10.1%,"$1,252",12,59,"$1,336",316,"3,185","$1,145",146,"5,909","$1,306",159,"17,305",19.0%,$984,"4,563","64,354",70.6%,$947,144,"2,106","$1,200",845,"10,278",$614,109,"1,848","$1,035",291,"7,528","$1,866",428,"4,188","$1,220",425,"6,668",$641,806,"12,827","$1,052",573,"10,523",$403
NEWTON,"2,337","24,364",$975,382,"5,916",24.3%,"$1,202",11,51,$763,254,"1,711","$1,171",117,"4,154","$1,220",70,"4,389",18.0%,"$1,056","1,443","13,870",56.9%,$853,93,644,"$1,565",248,"3,144",$600,93,306,"$1,123",88,527,"$1,410",152,894,$837,132,"1,425",$662,179,"2,096","$1,281",164,"2,756",$377
OCONEE,"1,583","14,665",$929,220,"1,589",10.8%,"$1,109",27,221,"$1,022",150,706,"$1,215",41,654,"$1,028",31,"1,607",11.0%,$915,"1,109","11,363",77.5%,$903,58,"1,438","$1,103",115,"2,019",$659,23,139,"$1,078",102,397,"$1,574",197,893,"$1,376",102,793,$920,182,"1,761","$1,001",81,"1,682",$377
OGLETHORPE,261,"1,957",$825,80,716,36.6%,$993,17,151,$789,40,319,$984,14,199,"$1,153",20,564,28.8%,$691,129,658,33.6%,$756,7,30,"$2,153",21,130,$502,4,20,$690,10,*,*,14,28,$706,26,131,$604,16,136,$781,9,72,$281
PAULDING,"3,107","28,424",$880,546,"3,585",12.6%,"$1,150",4,7,"$1,345",452,"2,151","$1,136",86,"1,395","$1,163",64,"5,713",20.1%,"$1,025","1,942","18,918",66.6%,$783,89,452,"$1,211",309,"5,213",$660,100,296,"$1,010",132,469,"$1,075",257,773,"$1,315",242,"1,351",$760,230,"4,508","$1,058",195,"3,921",$393
PEACH,694,"9,875",$877,110,"3,141",31.8%,"$1,072",17,582,$729,60,430,"$1,226",33,"2,129","$1,134",36,"1,757",17.8%,$967,475,"4,953",50.2%,$724,33,258,"$1,151",118,"1,638",$782,23,548,$784,28,110,$914,32,221,"$1,046",54,424,$753,46,606,$658,65,835,$333
PICKENS,982,"8,177","$1,042",178,"1,650",20.2%,"$1,139",9,48,$789,112,521,"$1,085",55,947,"$1,132",33,"1,261",15.4%,$932,646,"5,210",63.7%,"$1,038",48,133,"$1,265",105,"1,280",$746,13,55,"$1,207",46,238,"$1,168",80,221,"$1,078",47,163,$890,87,"1,090","$2,072",77,"1,068",$424
PIERCE,466,"4,478",$790,131,"1,110",24.8%,$888,39,260,$871,69,404,$902,22,445,$884,21,846,18.9%,$825,265,"2,500",55.8%,$734,15,472,$920,75,705,$656,15,250,"$1,119",19,96,"$1,132",23,123,$976,18,72,$595,27,233,$599,27,333,$274
PIKE,393,"3,090",$844,99,"1,047",33.9%,"$1,007",6,24,"$1,200",75,634,"$1,070",17,367,$866,28,761,24.6%,$794,224,"1,264",40.9%,$737,17,184,"$1,087",43,228,$473,14,6,$543,15,66,$909,23,73,"$1,017",21,87,$819,19,131,"$1,040",25,247,$349
POLK,814,"11,224",$875,134,"3,741",33.3%,"$1,073",6,20,$845,84,522,"$1,225",42,"3,164","$1,049",43,"1,852",16.5%,$935,563,"5,605",49.9%,$721,22,364,"$1,077",159,"1,862",$628,21,315,$959,40,143,"$1,030",35,73,"$1,344",59,321,$837,55,896,$955,76,"1,102",$362
PULASKI,246,"2,662",$829,33,353,13.3%,$995,16,148,$773,13,55,$717,4,*,*,28,490,18.4%,$787,166,"1,807",67.9%,$809,4,155,"$1,150",43,333,$596,4,20,$690,14,54,"$1,260",17,68,"$1,110",19,60,$804,30,800,$938,20,266,$304
PUTNAM,619,"6,144",$860,120,"1,320",21.5%,"$1,052",14,205,$947,85,334,"$1,260",21,781,$990,32,"1,397",22.7%,$880,384,"3,392",55.2%,$766,21,109,"$1,455",86,794,$622,15,*,*,25,117,"$1,266",47,146,"$1,190",37,358,$888,37,387,$713,38,547,$441
QUITMAN,52,285,$735,5,71,24.9%,$680,2,*,*,0,0,$0,3,68,$611,8,123,43.2%,$718,33,91,31.9%,$791,0,0,$0,13,21,$419,5,37,"$1,022",1,*,*,2,*,*,1,*,*,3,*,*,1,*,*
RABUN,658,"5,751",$743,133,961,16.7%,$858,8,105,$614,95,410,$929,29,428,$840,31,864,15.0%,$869,421,"3,886",67.6%,$685,9,118,$796,83,"1,139",$643,3,3,$660,20,106,"$1,127",45,146,$945,28,146,$683,55,573,$963,89,981,$474
RANDOLPH,189,"1,772",$789,44,493,27.8%,"$1,137",27,204,$966,12,24,$669,5,*,*,22,352,19.9%,$707,111,925,52.2%,$634,8,82,"$1,143",28,187,$517,9,120,$611,6,27,$662,7,23,$931,8,23,$505,13,166,$543,12,71,$324
RICHMOND,"5,623","103,635","$1,059",535,"11,619",11.2%,"$1,237",7,35,"$1,000",370,"3,200","$1,079",155,"8,303","$1,297",154,"22,230",21.5%,"$1,350","4,339","69,585",67.1%,$935,202,"2,677","$1,365",822,"10,776",$644,120,"3,078",$970,224,"1,605","$1,672",558,"5,008","$1,583",356,"8,591",$655,720,"19,296","$1,215",541,"10,290",$413
ROCKDALE,"2,920","35,009","$1,137",367,"9,062",25.9%,"$1,418",4,5,"$1,120",268,"3,457","$1,397",94,"5,585","$1,429",56,"4,524",12.9%,"$1,049","2,030","21,278",60.8%,"$1,037",127,"1,592","$1,508",334,"5,052",$686,112,665,"$1,101",132,"1,104","$1,586",217,"1,400","$1,512",172,"1,954",$982,348,"3,577","$1,347",210,"3,152",$385
SCHLEY,85,"1,087",$802,17,507,46.6%,$869,3,*,*,10,25,$854,4,452,$857,9,339,31.2%,$839,45,234,21.5%,$616,6,71,$834,8,74,$475,0,0,$0,4,*,*,3,*,*,4,*,*,2,*,*,4,24,$439
SCREVEN,309,"2,989",$766,58,914,30.6%,$912,15,79,$766,29,149,$871,14,686,$939,39,893,29.9%,$743,178,"1,162",38.9%,$663,10,38,$903,51,360,$585,7,37,$961,14,106,"$1,056",11,30,$934,14,86,$548,22,170,$623,18,153,$255
SEMINOLE,241,"2,379",$730,38,713,30.0%,$589,21,278,$895,8,19,$683,9,*,*,16,438,18.4%,$745,164,"1,214",51.0%,$806,12,69,"$1,341",46,276,$454,14,55,$868,11,42,"$1,324",12,66,"$1,021",6,50,$890,21,423,$911,19,133,$414
SPALDING,"1,688","23,336",$891,214,"3,619",15.5%,"$1,191",7,22,$766,131,647,"$1,053",76,"2,950","$1,225",98,"5,123",22.0%,$909,"1,186","14,525",62.2%,$810,68,792,"$1,311",259,"3,059",$616,33,314,"$1,009",82,381,"$1,261",117,"1,579",$857,130,"1,840",$749,150,"3,436","$1,086",144,"2,099",$380
STEPHENS,657,"8,793",$906,114,"2,727",31.0%,$995,5,49,$892,54,269,"$1,044",54,"2,397",$990,27,"1,536",17.5%,$825,456,"4,501",51.2%,$880,32,141,$987,110,"1,288",$587,13,*,*,32,165,$873,41,155,"$1,046",37,204,$736,71,687,$872,44,620,$355
STEWART,102,"1,520",$993,13,73,4.8%,$882,7,43,"$1,054",4,17,$574,2,*,*,24,348,22.9%,"$1,018",55,"1,096",72.1%,$992,2,*,*,14,60,$459,2,*,*,5,7,"$1,016",6,6,"$1,418",3,*,*,8,*,*,7,20,$425
SUMTER,796,"10,249",$874,119,"2,235",21.8%,"$1,240",37,425,$881,41,215,$832,39,"1,416","$1,411",71,"2,079",20.3%,$903,530,"5,903",57.6%,$726,36,324,"$1,288",120,"1,276",$536,24,422,$942,40,212,"$1,134",46,208,$917,31,459,$525,67,"1,401",$807,66,921,$368
TALBOT,106,788,$852,19,315,40.0%,"$1,021",5,*,*,9,173,$855,1,*,*,16,252,32.0%,$671,61,218,27.7%,$814,2,*,*,11,38,$405,9,26,$767,9,57,"$1,122",3,9,$679,7,9,$573,7,*,*,2,*,*
TALIAFERRO,33,210,$698,4,13,6.2%,"$1,468",2,*,*,1,*,*,1,*,*,9,151,71.9%,$666,16,45,21.4%,$583,2,*,*,7,35,$513,1,*,*,1,*,*,0,0,$0,1,*,*,2,*,*,0,0,$0
TATTNALL,441,"5,630",$824,86,"1,253",22.3%,$892,38,753,$885,38,303,$988,10,*,*,37,"1,473",26.2%,$782,260,"2,884",51.2%,$815,18,399,$815,70,478,$463,14,72,"$1,078",18,161,$869,20,204,$903,15,146,$665,40,736,"$1,112",24,327,$325
TAYLOR,195,"1,392",$912,27,226,16.2%,"$1,013",5,8,$442,13,123,"$1,141",8,*,*,22,419,30.1%,$775,131,743,53.4%,$956,5,6,"$1,002",31,158,$698,8,46,"$1,162",9,19,$763,7,23,"$1,457",18,38,"$1,212",19,222,$797,6,55,$251
TELFAIR,247,"2,241",$750,27,229,10.2%,$882,10,47,$989,11,50,$809,6,132,$872,36,683,30.5%,$755,167,"1,323",59.0%,$723,13,123,"$1,115",50,310,$456,9,63,$970,10,74,$925,8,28,$531,6,*,*,21,189,$828,23,172,$274
TERRELL,244,"2,086",$798,43,332,15.9%,$865,21,135,$796,11,44,$759,10,130,$851,29,548,26.3%,$754,148,"1,196",57.3%,$797,11,192,"$1,079",41,394,$739,7,64,"$1,058",13,127,"$1,143",10,20,$667,9,*,*,13,132,$698,17,144,$308
THOMAS,"1,836","20,413",$992,306,"4,214",20.6%,"$1,395",76,376,$816,130,497,$958,97,"3,008","$1,552",67,"3,070",15.0%,$930,"1,267","13,051",63.9%,$876,74,495,"$1,234",267,"2,482",$628,34,173,$898,103,776,"$1,431",118,510,"$1,324",116,"1,669",$791,175,"3,744","$1,183",129,"1,918",$375
TIFT,"1,301","21,940",$885,166,"2,794",12.7%,$970,45,487,$694,76,761,"$1,074",45,"1,546","$1,006",70,"5,483",25.0%,"$1,170",928,"13,594",62.0%,$752,70,"1,551","$1,072",228,"2,757",$642,43,"2,064",$859,86,454,"$1,144",75,389,$918,50,"1,331",$551,118,"1,652",$927,118,"2,341",$366
TOOMBS,837,"12,132",$773,113,"2,899",23.9%,$878,34,513,$655,42,503,"$1,097",37,"1,883",$880,37,"1,603",13.2%,$762,618,"7,605",62.7%,$734,34,508,$972,156,"1,736",$592,23,273,"$1,270",35,306,"$1,067",64,241,$715,35,890,$616,108,"1,933",$930,76,"1,095",$333
TOWNS,377,"3,494",$742,56,366,10.5%,"$1,001",1,*,*,40,168,"$1,126",13,189,$899,17,535,15.3%,$722,256,"2,573",73.6%,$708,7,15,"$1,106",62,412,$464,8,33,$598,16,59,"$1,022",27,128,"$1,354",11,*,*,30,416,$894,54,789,$433
TREUTLEN,121,"1,030",$780,16,168,16.3%,"$1,139",7,49,$961,4,10,$871,5,109,"$1,237",17,359,34.9%,$766,76,498,48.3%,$672,6,49,"$1,310",21,182,$529,6,35,$523,9,*,*,5,11,"$1,498",2,*,*,13,100,$649,6,56,$253
TROUP,"1,923","39,003","$1,015",271,"13,092",33.6%,"$1,275",9,29,$734,140,"1,531","$1,365",120,"11,521","$1,264",70,"3,761",9.6%,$963,"1,402","22,080",56.6%,$869,82,727,"$1,296",307,"3,197",$705,54,"3,219","$1,080",90,900,"$1,413",118,546,"$1,267",140,"4,481",$687,179,"3,361","$1,270",193,"3,593",$393
TURNER,229,"1,837",$814,23,385,21.0%,$902,12,85,$861,5,13,$687,6,287,$924,23,466,25.4%,$886,152,970,52.8%,$743,13,209,"$1,049",42,255,$619,8,22,$938,16,63,$807,14,59,"$1,463",2,*,*,15,138,$670,18,173,$340
TWIGGS,139,"1,923",$809,20,226,11.8%,"$1,418",8,58,$996,9,34,$687,1,*,*,20,297,15.4%,$801,82,"1,393",72.4%,$710,2,*,*,20,63,$392,13,*,*,2,*,*,4,*,*,9,*,*,11,172,$666,6,40,$446
UNION,809,"7,618",$850,144,"1,020",13.4%,$948,8,183,"$1,101",101,366,$871,33,445,$942,32,"1,951",25.6%,$876,534,"4,610",60.5%,$809,27,181,"$1,219",107,"1,293",$574,22,326,"$1,030",38,114,"$1,199",52,231,"$1,383",32,124,$815,88,683,"$1,005",62,883,$393
UPSON,568,"6,937",$834,59,"1,423",20.5%,"$1,064",5,7,$674,37,162,"$1,174",17,"1,254","$1,052",33,"1,442",20.8%,$848,404,"4,040",58.2%,$748,9,29,"$1,829",95,"1,004",$541,15,56,$849,28,141,"$1,198",36,101,"$1,269",31,191,$699,60,"1,378","$1,023",55,820,$332
WALKER,947,"14,548",$809,147,"5,770",39.7%,$815,7,15,"$1,003",87,399,$935,53,"5,356",$805,66,"2,875",19.8%,$869,610,"5,841",40.1%,$773,43,205,"$1,133",141,"1,390",$515,20,162,"$1,102",52,*,*,66,234,"$1,201",35,381,$649,77,960,$763,77,900,$373
WALTON,"2,433","25,169","$1,009",443,"6,293",25.0%,"$1,236",23,118,$783,344,"3,109","$1,335",71,"3,039","$1,150",59,"3,826",15.2%,"$1,008","1,570","14,901",59.2%,$912,114,"1,534","$1,609",262,"3,009",$630,70,"1,578","$1,114",108,448,"$1,303",193,618,"$1,118",181,"1,188",$903,183,"2,376","$1,130",149,"2,467",$383
WARE,"1,065","15,270",$819,125,"2,389",15.6%,$980,20,153,$833,68,675,"$1,115",37,"1,561",$937,63,"3,056",20.0%,$853,783,"9,776",64.0%,$769,54,561,"$1,058",185,"2,288",$647,34,702,$894,52,277,"$1,169",49,200,$981,42,528,$741,130,"2,520","$1,039",93,"1,610",$352
WARREN,120,"1,474",$942,24,629,42.7%,"$1,227",2,*,*,9,28,$932,9,492,"$1,202",18,293,19.9%,$669,67,548,37.2%,$759,6,*,*,20,116,$521,7,*,*,2,*,*,5,13,"$1,134",3,30,$724,8,126,$687,4,*,*
WASHINGTON,436,"6,258",$901,67,"1,092",17.4%,"$1,193",9,63,"$1,307",30,284,$971,19,501,"$1,256",50,"1,699",27.1%,$771,279,"3,454",55.2%,$871,13,83,"$1,106",66,741,$534,15,481,"$1,002",20,160,"$1,294",20,236,"$1,415",16,160,$617,35,420,$724,38,465,$290
WAYNE,722,"8,604",$908,141,"2,293",26.7%,"$1,258",22,93,$667,82,805,"$1,117",37,"1,395","$1,378",32,"2,204",25.6%,$995,481,"4,072",47.3%,$667,8,119,$836,130,"1,245",$595,17,110,$966,32,230,$968,39,166,$729,26,179,$671,84,855,$837,59,735,$337
WEBSTER,49,510,$968,12,283,55.5%,"$1,158",10,70,$721,0,0,$0,1,*,*,12,118,23.1%,$741,21,109,21.4%,$714,2,*,*,4,35,$558,6,36,$866,3,5,"$1,235",0,0,$0,4,*,*,1,*,*,0,0,$0
WHEELER,92,"1,163",$797,25,233,20.0%,$999,18,127,"$1,094",6,*,*,1,*,*,13,295,25.4%,$663,50,634,54.5%,$784,2,*,*,15,73,$463,6,39,$827,2,*,*,1,*,*,6,312,$826,3,9,$756,3,*,*
WHITE,906,"9,500",$741,158,"1,726",18.2%,"$1,113",16,231,"$1,018",101,731,"$1,150",41,764,"$1,106",32,"1,230",12.9%,$894,624,"6,507",68.5%,$613,20,108,$917,147,"1,384",$611,13,235,"$1,212",30,140,"$1,235",62,138,$998,50,212,$635,52,610,$802,123,"1,816",$470
WHITFIELD,"2,846","56,394",$994,505,"21,355",37.9%,$967,8,*,*,185,"1,184","$1,127",309,"20,019",$957,94,"5,411",9.6%,$985,"1,952","29,474",52.3%,"$1,016",206,"3,256","$1,235",443,"5,175",$675,114,"3,264","$1,108",130,733,"$1,152",227,"3,705","$1,418",122,"1,944",$645,208,"5,766","$1,237",214,"3,140",$421
WILCOX,131,"1,075",$736,23,63,5.9%,$586,13,45,$627,8,14,$507,2,*,*,25,510,47.4%,$708,73,496,46.1%,$783,2,*,*,27,108,$408,8,*,*,9,55,"$1,324",3,*,*,7,55,$777,7,110,$804,3,*,*
WILKES,260,"2,665",$859,48,763,28.6%,"$1,198",14,88,"$1,001",17,324,"$1,351",15,337,"$1,117",32,755,28.3%,$759,159,"1,142",42.9%,$697,9,80,"$1,226",47,326,$542,8,40,$861,13,96,"$1,074",12,40,$972,8,53,$763,22,219,$459,19,137,$336
WILKINSON,200,"3,540",$915,49,"1,459",41.2%,"$1,313",4,60,"$1,163",19,339,$982,14,160,"$1,442",25,439,12.4%,$667,108,"1,634",46.2%,$624,3,16,$819,26,167,$443,11,250,$966,6,32,"$1,170",7,32,$690,10,*,*,17,139,$752,9,38,$303
WORTH,389,"2,940",$770,73,379,12.9%,$766,37,168,$827,26,142,$696,9,69,$763,31,824,28.0%,$819,234,"1,713",58.3%,$745,18,185,"$1,460",54,472,$556,7,39,"$1,207",19,98,$960,20,67,$736,20,94,$528,27,372,$757,25,220,$450
GEORGIA,"422,306","4,705,469","$1,265","41,870","653,147",13.9%,"$1,309","2,790","23,330",$875,"26,395","211,966","$1,410","12,408","412,215","$1,279","8,623","642,661",13.7%,"$1,145","281,359","3,372,354",71.7%,"$1,276","23,445","222,204","$1,791","38,724","510,562",$756,"10,160","260,900","$1,143","18,370","185,044","$2,152","48,696","321,172","$2,017","23,773","359,590","$1,013","33,126","519,548","$1,216","27,099","426,240",$476
,,,,,,,,,,,,,,,,,,,,,,,,,,,,,,,,,,,,,,,,,,,,,,,,
,,,,,,,,,,,,,,,,,,,,,,,,,,,,,,,,,,,,,,,,,,,,,,,,
,,,,,,,,,,,,,,,,,,,,,,,,,,,,,,,,,,,,,,,,,,,,,,,,
,,,,,,,,,,,,,,,,,,,,,,,,,,,,,,,,,,,,,,,,,,,,,,,,
